{
  "000aa097d423_03.jpg": {
    "source_subject": "a white car parked in a garage",
    "target_subject": "\"a white car parked in a garage\"",
    "background": "rainy city street with reflective pavement",
    "original_caption": "a white car parked in a garage"
  },
  "00ad56bf7ee6_03.jpg": {
    "source_subject": "a gray car",
    "target_subject": "\"a gray car\"",
    "background": "a gray car on a highway",
    "original_caption": "a gray car"
  },
  "00afb946a54c_03.jpg": {
    "source_subject": "A gray nissan rogue suv parked in a white room.",
    "target_subject": "\"A gray nissan rogue suv parked in a white room.\"",
    "background": "dramatic canyon road with red rock walls",
    "original_caption": "a gray nissan rogue suv parked in a white room"
  },
  "00b6aee52419_03.jpg": {
    "source_subject": "a white car with a black top",
    "target_subject": "a white car with a black top",
    "background": "desert landscape with cactus and orange sunset",
    "original_caption": "a white car with a black top"
  },
  "00c07d49f4c5_03.jpg": {
    "source_subject": "a white toyota prio",
    "target_subject": "\"a white toyota prio\"",
    "background": "countryside road through rolling green hills",
    "original_caption": "a white toyota prio"
  },
  "00d3de919651_03.jpg": {
    "source_subject": "A gray car is parked in a white room.",
    "target_subject": "\"A gray car is parked in a white room.\"",
    "background": "futuristic city street with modern architecture",
    "original_caption": "a gray car is parked in a white room"
  },
  "0a0e3fb8f782_03.jpg": {
    "source_subject": "A black and silver car.",
    "target_subject": "A black and silver car.",
    "background": "a black and silver car on a highway",
    "original_caption": "a black and silver car"
  },
  "0a2637c772c5_03.jpg": {
    "source_subject": "A black car parked in a white room.",
    "target_subject": "A black car parked in a white room.",
    "background": "snowy mountain road during winter twilight",
    "original_caption": "a black car parked in a white room"
  },
  "0a2bbd5330a2_03.jpg": {
    "source_subject": "A red car parked in a parking lot.",
    "target_subject": "\"A red car parked in a parking lot.\"",
    "background": "coastal road at golden hour sunset",
    "original_caption": "a red car parked in a parking lot"
  },
  "0a382e5373db_03.jpg": {
    "source_subject": "\"the carvanaa logo is on the wall\"",
    "target_subject": "\"\"the carvanaa logo is on the wall\"\"",
    "background": "a city with a mountain and a beach",
    "original_caption": "the carvanaa logo is on the wall"
  }
}