[
  {
    "image": "000aa097d423_03.jpg",
    "status": "success",
    "original_caption": "a white car parked in a garage",
    "source_subject": "a white car parked in a garage",
    "target_subject": "\"a white car parked in a garage\"",
    "background": "rainy city street with reflective pavement",
    "stage1_mask": "/content/GenAI-for-Visual-Synthesis/outputs/custom_method/stage1_mask_000aa097d423_03.jpg",
    "stage2_vehicle": "/content/GenAI-for-Visual-Synthesis/outputs/custom_method/stage2_vehicle_000aa097d423_03.jpg",
    "stage3_mask": "/content/GenAI-for-Visual-Synthesis/outputs/custom_method/stage3_mask_000aa097d423_03.jpg",
    "stage4_final": "/content/GenAI-for-Visual-Synthesis/outputs/custom_method/stage4_final_000aa097d423_03.jpg"
  },
  {
    "image": "00ad56bf7ee6_03.jpg",
    "status": "success",
    "original_caption": "a gray car",
    "source_subject": "a gray car",
    "target_subject": "\"a gray car\"",
    "background": "a gray car on a highway",
    "stage1_mask": "/content/GenAI-for-Visual-Synthesis/outputs/custom_method/stage1_mask_00ad56bf7ee6_03.jpg",
    "stage2_vehicle": "/content/GenAI-for-Visual-Synthesis/outputs/custom_method/stage2_vehicle_00ad56bf7ee6_03.jpg",
    "stage3_mask": "/content/GenAI-for-Visual-Synthesis/outputs/custom_method/stage3_mask_00ad56bf7ee6_03.jpg",
    "stage4_final": "/content/GenAI-for-Visual-Synthesis/outputs/custom_method/stage4_final_00ad56bf7ee6_03.jpg"
  },
  {
    "image": "00afb946a54c_03.jpg",
    "status": "success",
    "original_caption": "a gray nissan rogue suv parked in a white room",
    "source_subject": "A gray nissan rogue suv parked in a white room.",
    "target_subject": "\"A gray nissan rogue suv parked in a white room.\"",
    "background": "dramatic canyon road with red rock walls",
    "stage1_mask": "/content/GenAI-for-Visual-Synthesis/outputs/custom_method/stage1_mask_00afb946a54c_03.jpg",
    "stage2_vehicle": "/content/GenAI-for-Visual-Synthesis/outputs/custom_method/stage2_vehicle_00afb946a54c_03.jpg",
    "stage3_mask": "/content/GenAI-for-Visual-Synthesis/outputs/custom_method/stage3_mask_00afb946a54c_03.jpg",
    "stage4_final": "/content/GenAI-for-Visual-Synthesis/outputs/custom_method/stage4_final_00afb946a54c_03.jpg"
  },
  {
    "image": "00b6aee52419_03.jpg",
    "status": "success",
    "original_caption": "a white car with a black top",
    "source_subject": "a white car with a black top",
    "target_subject": "a white car with a black top",
    "background": "desert landscape with cactus and orange sunset",
    "stage1_mask": "/content/GenAI-for-Visual-Synthesis/outputs/custom_method/stage1_mask_00b6aee52419_03.jpg",
    "stage2_vehicle": "/content/GenAI-for-Visual-Synthesis/outputs/custom_method/stage2_vehicle_00b6aee52419_03.jpg",
    "stage3_mask": "/content/GenAI-for-Visual-Synthesis/outputs/custom_method/stage3_mask_00b6aee52419_03.jpg",
    "stage4_final": "/content/GenAI-for-Visual-Synthesis/outputs/custom_method/stage4_final_00b6aee52419_03.jpg"
  },
  {
    "image": "00c07d49f4c5_03.jpg",
    "status": "success",
    "original_caption": "a white toyota prio",
    "source_subject": "a white toyota prio",
    "target_subject": "\"a white toyota prio\"",
    "background": "countryside road through rolling green hills",
    "stage1_mask": "/content/GenAI-for-Visual-Synthesis/outputs/custom_method/stage1_mask_00c07d49f4c5_03.jpg",
    "stage2_vehicle": "/content/GenAI-for-Visual-Synthesis/outputs/custom_method/stage2_vehicle_00c07d49f4c5_03.jpg",
    "stage3_mask": "/content/GenAI-for-Visual-Synthesis/outputs/custom_method/stage3_mask_00c07d49f4c5_03.jpg",
    "stage4_final": "/content/GenAI-for-Visual-Synthesis/outputs/custom_method/stage4_final_00c07d49f4c5_03.jpg"
  },
  {
    "image": "00d3de919651_03.jpg",
    "status": "success",
    "original_caption": "a gray car is parked in a white room",
    "source_subject": "A gray car is parked in a white room.",
    "target_subject": "\"A gray car is parked in a white room.\"",
    "background": "futuristic city street with modern architecture",
    "stage1_mask": "/content/GenAI-for-Visual-Synthesis/outputs/custom_method/stage1_mask_00d3de919651_03.jpg",
    "stage2_vehicle": "/content/GenAI-for-Visual-Synthesis/outputs/custom_method/stage2_vehicle_00d3de919651_03.jpg",
    "stage3_mask": "/content/GenAI-for-Visual-Synthesis/outputs/custom_method/stage3_mask_00d3de919651_03.jpg",
    "stage4_final": "/content/GenAI-for-Visual-Synthesis/outputs/custom_method/stage4_final_00d3de919651_03.jpg"
  },
  {
    "image": "0a0e3fb8f782_03.jpg",
    "status": "success",
    "original_caption": "a black and silver car",
    "source_subject": "A black and silver car.",
    "target_subject": "A black and silver car.",
    "background": "a black and silver car on a highway",
    "stage1_mask": "/content/GenAI-for-Visual-Synthesis/outputs/custom_method/stage1_mask_0a0e3fb8f782_03.jpg",
    "stage2_vehicle": "/content/GenAI-for-Visual-Synthesis/outputs/custom_method/stage2_vehicle_0a0e3fb8f782_03.jpg",
    "stage3_mask": "/content/GenAI-for-Visual-Synthesis/outputs/custom_method/stage3_mask_0a0e3fb8f782_03.jpg",
    "stage4_final": "/content/GenAI-for-Visual-Synthesis/outputs/custom_method/stage4_final_0a0e3fb8f782_03.jpg"
  },
  {
    "image": "0a2637c772c5_03.jpg",
    "status": "success",
    "original_caption": "a black car parked in a white room",
    "source_subject": "A black car parked in a white room.",
    "target_subject": "A black car parked in a white room.",
    "background": "snowy mountain road during winter twilight",
    "stage1_mask": "/content/GenAI-for-Visual-Synthesis/outputs/custom_method/stage1_mask_0a2637c772c5_03.jpg",
    "stage2_vehicle": "/content/GenAI-for-Visual-Synthesis/outputs/custom_method/stage2_vehicle_0a2637c772c5_03.jpg",
    "stage3_mask": "/content/GenAI-for-Visual-Synthesis/outputs/custom_method/stage3_mask_0a2637c772c5_03.jpg",
    "stage4_final": "/content/GenAI-for-Visual-Synthesis/outputs/custom_method/stage4_final_0a2637c772c5_03.jpg"
  },
  {
    "image": "0a2bbd5330a2_03.jpg",
    "status": "success",
    "original_caption": "a red car parked in a parking lot",
    "source_subject": "A red car parked in a parking lot.",
    "target_subject": "\"A red car parked in a parking lot.\"",
    "background": "coastal road at golden hour sunset",
    "stage1_mask": "/content/GenAI-for-Visual-Synthesis/outputs/custom_method/stage1_mask_0a2bbd5330a2_03.jpg",
    "stage2_vehicle": "/content/GenAI-for-Visual-Synthesis/outputs/custom_method/stage2_vehicle_0a2bbd5330a2_03.jpg",
    "stage3_mask": "/content/GenAI-for-Visual-Synthesis/outputs/custom_method/stage3_mask_0a2bbd5330a2_03.jpg",
    "stage4_final": "/content/GenAI-for-Visual-Synthesis/outputs/custom_method/stage4_final_0a2bbd5330a2_03.jpg"
  },
  {
    "image": "0a382e5373db_03.jpg",
    "status": "success",
    "original_caption": "the carvanaa logo is on the wall",
    "source_subject": "\"the carvanaa logo is on the wall\"",
    "target_subject": "\"\"the carvanaa logo is on the wall\"\"",
    "background": "a city with a mountain and a beach",
    "stage1_mask": "/content/GenAI-for-Visual-Synthesis/outputs/custom_method/stage1_mask_0a382e5373db_03.jpg",
    "stage2_vehicle": "/content/GenAI-for-Visual-Synthesis/outputs/custom_method/stage2_vehicle_0a382e5373db_03.jpg",
    "stage3_mask": "/content/GenAI-for-Visual-Synthesis/outputs/custom_method/stage3_mask_0a382e5373db_03.jpg",
    "stage4_final": "/content/GenAI-for-Visual-Synthesis/outputs/custom_method/stage4_final_0a382e5373db_03.jpg"
  }
]