{
  "000aa097d423_03.jpg": {
    "source": "a car on the road",
    "target": "a modern sports car"
  },
  "00ad56bf7ee6_03.jpg": {
    "source": "a car on the road",
    "target": "a modern sports car"
  },
  "00afb946a54c_03.jpg": {
    "source": "a car on the road",
    "target": "a modern sports car"
  },
  "00b6aee52419_03.jpg": {
    "source": "a car on the road",
    "target": "a modern sports car"
  },
  "00c07d49f4c5_03.jpg": {
    "source": "a car on the road",
    "target": "a modern sports car"
  },
  "00d3de919651_03.jpg": {
    "source": "a car on the road",
    "target": "a modern sports car"
  },
  "0a0e3fb8f782_03.jpg": {
    "source": "a car on the road",
    "target": "a modern sports car"
  },
  "0a2637c772c5_03.jpg": {
    "source": "a car on the road",
    "target": "a modern sports car"
  },
  "0a2bbd5330a2_03.jpg": {
    "source": "a car on the road",
    "target": "a modern sports car"
  },
  "0a382e5373db_03.jpg": {
    "source": "a car on the road",
    "target": "a modern sports car"
  },
  "0a39129c9f62_03.jpg": {
    "source": "a car on the road",
    "target": "a modern sports car"
  },
  "0a392275c87d_03.jpg": {
    "source": "a car on the road",
    "target": "a modern sports car"
  },
  "0a63454298b8_03.jpg": {
    "source": "a car on the road",
    "target": "a modern sports car"
  },
  "0a6636643495_03.jpg": {
    "source": "a car on the road",
    "target": "a modern sports car"
  },
  "0a732faadfe8_03.jpg": {
    "source": "a car on the road",
    "target": "a modern sports car"
  },
  "0a84dac5df69_03.jpg": {
    "source": "a car on the road",
    "target": "a modern sports car"
  },
  "0a92461d365d_03.jpg": {
    "source": "a car on the road",
    "target": "a modern sports car"
  },
  "0a943856ea46_03.jpg": {
    "source": "a car on the road",
    "target": "a modern sports car"
  },
  "0aa52c458e8a_03.jpg": {
    "source": "a car on the road",
    "target": "a modern sports car"
  },
  "0aa83daa6f78_03.jpg": {
    "source": "a car on the road",
    "target": "a modern sports car"
  },
  "0ab2e2edfa32_03.jpg": {
    "source": "a car on the road",
    "target": "a modern sports car"
  },
  "0ab40a2fd4fc_03.jpg": {
    "source": "a car on the road",
    "target": "a modern sports car"
  },
  "0acfffdf94d1_03.jpg": {
    "source": "a car on the road",
    "target": "a modern sports car"
  },
  "0ad66cb03617_03.jpg": {
    "source": "a car on the road",
    "target": "a modern sports car"
  },
  "0adb31665745_03.jpg": {
    "source": "a car on the road",
    "target": "a modern sports car"
  },
  "0add11a25ebb_03.jpg": {
    "source": "a car on the road",
    "target": "a modern sports car"
  },
  "0afd3707d6ce_03.jpg": {
    "source": "a car on the road",
    "target": "a modern sports car"
  },
  "0b033553a58a_03.jpg": {
    "source": "a car on the road",
    "target": "a modern sports car"
  },
  "0b0724a78f90_03.jpg": {
    "source": "a car on the road",
    "target": "a modern sports car"
  },
  "0b352a7001b1_03.jpg": {
    "source": "a car on the road",
    "target": "a modern sports car"
  },
  "0b42a5d3dfa0_03.jpg": {
    "source": "a car on the road",
    "target": "a modern sports car"
  },
  "0b42c8d2842c_03.jpg": {
    "source": "a car on the road",
    "target": "a modern sports car"
  },
  "0b46410ba9b2_03.jpg": {
    "source": "a car on the road",
    "target": "a modern sports car"
  },
  "0b6c1ec65b57_03.jpg": {
    "source": "a car on the road",
    "target": "a modern sports car"
  },
  "0b73517ef85b_03.jpg": {
    "source": "a car on the road",
    "target": "a modern sports car"
  },
  "0b8d3844583f_03.jpg": {
    "source": "a car on the road",
    "target": "a modern sports car"
  },
  "0b9d03ec6720_03.jpg": {
    "source": "a car on the road",
    "target": "a modern sports car"
  },
  "0baa53d612d9_03.jpg": {
    "source": "a car on the road",
    "target": "a modern sports car"
  },
  "0baa6b9543dc_03.jpg": {
    "source": "a car on the road",
    "target": "a modern sports car"
  },
  "0bb87dac6ad9_03.jpg": {
    "source": "a car on the road",
    "target": "a modern sports car"
  },
  "0bd04c75ec17_03.jpg": {
    "source": "a car on the road",
    "target": "a modern sports car"
  },
  "0bd2d5c4755e_03.jpg": {
    "source": "a car on the road",
    "target": "a modern sports car"
  },
  "0bdb8b1cba05_03.jpg": {
    "source": "a car on the road",
    "target": "a modern sports car"
  },
  "0bdd2e625f8a_03.jpg": {
    "source": "a car on the road",
    "target": "a modern sports car"
  },
  "0bdfb9967be2_03.jpg": {
    "source": "a car on the road",
    "target": "a modern sports car"
  },
  "0be425f3f46a_03.jpg": {
    "source": "a car on the road",
    "target": "a modern sports car"
  },
  "0be7717e4b2a_03.jpg": {
    "source": "a car on the road",
    "target": "a modern sports car"
  },
  "0bf768bbffae_03.jpg": {
    "source": "a car on the road",
    "target": "a modern sports car"
  },
  "0c1bc2f3012d_03.jpg": {
    "source": "a car on the road",
    "target": "a modern sports car"
  },
  "0c3481991be4_03.jpg": {
    "source": "a car on the road",
    "target": "a modern sports car"
  },
  "0c4659adc7e4_03.jpg": {
    "source": "a car on the road",
    "target": "a modern sports car"
  },
  "0c56c040a690_03.jpg": {
    "source": "a car on the road",
    "target": "a modern sports car"
  },
  "0c73bef70ead_03.jpg": {
    "source": "a car on the road",
    "target": "a modern sports car"
  },
  "0c74f69414ef_03.jpg": {
    "source": "a car on the road",
    "target": "a modern sports car"
  },
  "0c833722fc9d_03.jpg": {
    "source": "a car on the road",
    "target": "a modern sports car"
  },
  "0c8f105618d4_03.jpg": {
    "source": "a car on the road",
    "target": "a modern sports car"
  },
  "0c9265af0ddf_03.jpg": {
    "source": "a car on the road",
    "target": "a modern sports car"
  },
  "0c992d7d6742_03.jpg": {
    "source": "a car on the road",
    "target": "a modern sports car"
  },
  "0c9a9ab8fbd2_03.jpg": {
    "source": "a car on the road",
    "target": "a modern sports car"
  },
  "0ca342108368_03.jpg": {
    "source": "a car on the road",
    "target": "a modern sports car"
  },
  "0cce02afe3a5_03.jpg": {
    "source": "a car on the road",
    "target": "a modern sports car"
  },
  "0cd58c993763_03.jpg": {
    "source": "a car on the road",
    "target": "a modern sports car"
  },
  "0cd9dc1a1681_03.jpg": {
    "source": "a car on the road",
    "target": "a modern sports car"
  },
  "0cdfe597590f_03.jpg": {
    "source": "a car on the road",
    "target": "a modern sports car"
  },
  "0ce36c1e1d16_03.jpg": {
    "source": "a car on the road",
    "target": "a modern sports car"
  },
  "0cf8dfddfe3c_03.jpg": {
    "source": "a car on the road",
    "target": "a modern sports car"
  },
  "0d04a7b8c4bf_03.jpg": {
    "source": "a car on the road",
    "target": "a modern sports car"
  },
  "0d0be8f77fa8_03.jpg": {
    "source": "a car on the road",
    "target": "a modern sports car"
  },
  "0d24b7bea210_03.jpg": {
    "source": "a car on the road",
    "target": "a modern sports car"
  },
  "0d4b67f458bb_03.jpg": {
    "source": "a car on the road",
    "target": "a modern sports car"
  },
  "0d549ae73675_03.jpg": {
    "source": "a car on the road",
    "target": "a modern sports car"
  },
  "0d851b7c73f4_03.jpg": {
    "source": "a car on the road",
    "target": "a modern sports car"
  },
  "0d97ffd34927_03.jpg": {
    "source": "a car on the road",
    "target": "a modern sports car"
  },
  "0d9d1a5c7e0c_03.jpg": {
    "source": "a car on the road",
    "target": "a modern sports car"
  },
  "0d9ed6bc4c7b_03.jpg": {
    "source": "a car on the road",
    "target": "a modern sports car"
  }
}