{
  "000aa097d423_03.jpg": {
    "source_subject": "a white car parked in a garage",
    "target_subject": "\"a white car parked in a garage\"",
    "original_caption": "a white car parked in a garage"
  },
  "00ad56bf7ee6_03.jpg": {
    "source_subject": "a gray car",
    "target_subject": "\"a gray car\"",
    "original_caption": "a gray car"
  },
  "00afb946a54c_03.jpg": {
    "source_subject": "A gray nissan rogue suv parked in a white room.",
    "target_subject": "\"A gray nissan rogue suv parked in a white room.\"",
    "original_caption": "a gray nissan rogue suv parked in a white room"
  },
  "00b6aee52419_03.jpg": {
    "source_subject": "a white car with a black top",
    "target_subject": "a white car with a black top",
    "original_caption": "a white car with a black top"
  },
  "00c07d49f4c5_03.jpg": {
    "source_subject": "a white toyota prio",
    "target_subject": "\"a white toyota prio\"",
    "original_caption": "a white toyota prio"
  },
  "00d3de919651_03.jpg": {
    "source_subject": "A gray car is parked in a white room.",
    "target_subject": "\"A gray car is parked in a white room.\"",
    "original_caption": "a gray car is parked in a white room"
  },
  "0a0e3fb8f782_03.jpg": {
    "source_subject": "A black and silver car.",
    "target_subject": "A black and silver car.",
    "original_caption": "a black and silver car"
  },
  "0a2637c772c5_03.jpg": {
    "source_subject": "A black car parked in a white room.",
    "target_subject": "A black car parked in a white room.",
    "original_caption": "a black car parked in a white room"
  },
  "0a2bbd5330a2_03.jpg": {
    "source_subject": "A red car parked in a parking lot.",
    "target_subject": "\"A red car parked in a parking lot.\"",
    "original_caption": "a red car parked in a parking lot"
  },
  "0a382e5373db_03.jpg": {
    "source_subject": "\"the carvanaa logo is on the wall\"",
    "target_subject": "\"\"the carvanaa logo is on the wall\"\"",
    "original_caption": "the carvanaa logo is on the wall"
  },
  "0a39129c9f62_03.jpg": {
    "source_subject": "A black car parked in a garage.",
    "target_subject": "A black car parked in a garage.",
    "original_caption": "a black car parked in a garage"
  },
  "0a392275c87d_03.jpg": {
    "source_subject": "a black nissan suv parked in a parking lot",
    "target_subject": "\"a black nissan suv parked in a parking lot\"",
    "original_caption": "a black nissan suv parked in a parking lot"
  },
  "0a63454298b8_03.jpg": {
    "source_subject": "A red car parked in a parking lot.",
    "target_subject": "\"A red car parked in a parking lot.\"",
    "original_caption": "a red car parked in a parking lot"
  },
  "0a6636643495_03.jpg": {
    "source_subject": "a white car parked in a garage",
    "target_subject": "\"a white car parked in a garage\"",
    "original_caption": "a white car parked in a garage"
  },
  "0a732faadfe8_03.jpg": {
    "source_subject": "A white chevrolet suv parked in a garage.",
    "target_subject": "\"A white chevrolet suv parked in a garage.\"",
    "original_caption": "a white chevrolet suv parked in a garage"
  },
  "0a84dac5df69_03.jpg": {
    "source_subject": "A small car is parked in a garage.",
    "target_subject": "\"A small car is parked in a garage.\"",
    "original_caption": "a small car is parked in a garage"
  },
  "0a92461d365d_03.jpg": {
    "source_subject": "a black suv parked in a white room",
    "target_subject": "\"a black suv parked in a white room\"",
    "original_caption": "a black suv parked in a white room"
  },
  "0a943856ea46_03.jpg": {
    "source_subject": "\"the new 2017 kia kia kia kia kia kia kia kia kia kia kia kia kia kia kia",
    "target_subject": "\"\"the new 2017 kia kia kia kia kia kia kia kia kia kia kia kia kia kia ki",
    "original_caption": "the new 2017 kia kia kia kia kia kia kia kia kia kia kia kia kia kia kia kia kia kia"
  },
  "0aa52c458e8a_03.jpg": {
    "source_subject": "a white car",
    "target_subject": "\"a white car\"",
    "original_caption": "a white car"
  },
  "0aa83daa6f78_03.jpg": {
    "source_subject": "a white bmw suv parked in a white room",
    "target_subject": "\"a white bmw suv parked in a white room\"",
    "original_caption": "a white bmw suv parked in a white room"
  },
  "0ab2e2edfa32_03.jpg": {
    "source_subject": "a white car parked in a white room",
    "target_subject": "\"a white car parked in a white room\"",
    "original_caption": "a white car parked in a white room"
  },
  "0ab40a2fd4fc_03.jpg": {
    "source_subject": "a blue car",
    "target_subject": "\"a blue car\"",
    "original_caption": "a blue car"
  },
  "0acfffdf94d1_03.jpg": {
    "source_subject": "a blue car parked in a garage",
    "target_subject": "\"a blue car parked in a garage\"",
    "original_caption": "a blue car parked in a garage"
  },
  "0ad66cb03617_03.jpg": {
    "source_subject": "a white nissan suv",
    "target_subject": "\"a white nissan suv\"",
    "original_caption": "a white nissan suv"
  },
  "0adb31665745_03.jpg": {
    "source_subject": "a black aca car parked in a garage",
    "target_subject": "\"a black aca car parked in a garage\"",
    "original_caption": "a black aca car parked in a garage"
  },
  "0add11a25ebb_03.jpg": {
    "source_subject": "A gray car parked in a garage.",
    "target_subject": "A gray car parked in a garage.",
    "original_caption": "a gray car parked in a garage"
  },
  "0afd3707d6ce_03.jpg": {
    "source_subject": "a black car",
    "target_subject": "\"a black car\"",
    "original_caption": "a black car"
  },
  "0b033553a58a_03.jpg": {
    "source_subject": "A black Buick car is parked in a white room.",
    "target_subject": "\"A black Buick car is parked in a white room.\"",
    "original_caption": "a black buick car is parked in a white room"
  },
  "0b0724a78f90_03.jpg": {
    "source_subject": "a white mercedes car is parked in a garage",
    "target_subject": "\"a white Mercedes car is parked in a garage\"",
    "original_caption": "a white mercedes car is parked in a garage"
  },
  "0b352a7001b1_03.jpg": {
    "source_subject": "A small car is parked in a garage.",
    "target_subject": "\"A small car is parked in a garage.\"",
    "original_caption": "a small car is parked in a garage"
  },
  "0b42a5d3dfa0_03.jpg": {
    "source_subject": "a black car is parked in a white room",
    "target_subject": "\"a black car is parked in a white room\"",
    "original_caption": "a black car is parked in a white room"
  },
  "0b42c8d2842c_03.jpg": {
    "source_subject": "a white car",
    "target_subject": "\"a white car\"",
    "original_caption": "a white car"
  },
  "0b46410ba9b2_03.jpg": {
    "source_subject": "a brown buick suv",
    "target_subject": "\"a brown buick suv\"",
    "original_caption": "a brown buick suv"
  },
  "0b6c1ec65b57_03.jpg": {
    "source_subject": "Mercedes ml ml ml ml ml ml ml ml ml ml ml ml ml ml ml ml",
    "target_subject": "Mercedes ml ml ml ml ml ml ml ml ml ml ml ml ml ml ml ml",
    "original_caption": "mercedes ml ml ml ml ml ml ml ml ml ml ml ml ml ml ml ml ml ml ml ml"
  },
  "0b73517ef85b_03.jpg": {
    "source_subject": "A gray dodge suv parked in a parking lot.",
    "target_subject": "\"A gray dodge suv parked in a parking lot.\"",
    "original_caption": "a gray dodge suv parked in a parking lot"
  },
  "0b8d3844583f_03.jpg": {
    "source_subject": "a red suv",
    "target_subject": "\"a red suv\"",
    "original_caption": "a red suv"
  },
  "0b9d03ec6720_03.jpg": {
    "source_subject": "a blue toyota pri",
    "target_subject": "a blue toyota pri",
    "original_caption": "a blue toyota pri"
  },
  "0baa53d612d9_03.jpg": {
    "source_subject": "a red car",
    "target_subject": "\"a red car\"",
    "original_caption": "a red car"
  },
  "0baa6b9543dc_03.jpg": {
    "source_subject": "A gray honda crv is parked in a garage.",
    "target_subject": "\"A gray honda crv is parked in a garage.\"",
    "original_caption": "a gray honda crv is parked in a garage"
  },
  "0bb87dac6ad9_03.jpg": {
    "source_subject": "a white car is parked in a garage",
    "target_subject": "\"a white car is parked in a garage\"",
    "original_caption": "a white car is parked in a garage"
  },
  "0bd04c75ec17_03.jpg": {
    "source_subject": "A small car parked in a white room.",
    "target_subject": "A small car parked in a white room.",
    "original_caption": "a small car parked in a white room"
  },
  "0bd2d5c4755e_03.jpg": {
    "source_subject": "A black car parked in a garage.",
    "target_subject": "A black car parked in a garage.",
    "original_caption": "a black car parked in a garage"
  },
  "0bdb8b1cba05_03.jpg": {
    "source_subject": "A red toyota tacoma truck parked in a white room.",
    "target_subject": "\"A red toyota tacoma truck parked in a white room.\"",
    "original_caption": "a red toyota tacoma truck parked in a white room"
  },
  "0bdd2e625f8a_03.jpg": {
    "source_subject": "A black car parked in a white room.",
    "target_subject": "A black car parked in a white room.",
    "original_caption": "a black car parked in a white room"
  },
  "0bdfb9967be2_03.jpg": {
    "source_subject": "The new honda fito is a sedan.",
    "target_subject": "\"The new honda fito is a sedan.\"",
    "original_caption": "the new honda fito"
  },
  "0be425f3f46a_03.jpg": {
    "source_subject": "A black Buick Suv parked in a parking lot.",
    "target_subject": "\"A black Buick Suv parked in a parking lot.\"",
    "original_caption": "a black buick suv parked in a parking lot"
  },
  "0be7717e4b2a_03.jpg": {
    "source_subject": "a white toyota car",
    "target_subject": "\"a white toyota car\"",
    "original_caption": "a white toyota car"
  },
  "0bf768bbffae_03.jpg": {
    "source_subject": "Used 2016 Mercedes cla for sale in westport, ct",
    "target_subject": "\"Used 2016 Mercedes cla for sale in westport, ct\"",
    "original_caption": "used 2016 mercedes cla for sale in westport, ct"
  },
  "0c1bc2f3012d_03.jpg": {
    "source_subject": "A black honda civic civic civic civic civic civic civic civic civic civic civic civic civic civic civic civic civic civic civic civic civic civic civic civic civic civic civic civic civic civic civic civic civic civic civic civic civic civic civic civic civic civic civic civic civic",
    "target_subject": "A black honda civic civic civic civic civic civic civic civic civic civic civic civic civic civic civic civic civic civic civic civic civic civic civic civic civic civic civic civic civic civic civic civic civic civic civic civic civic civic civic civic civic civic civic civic civic",
    "original_caption": "a black honda civic civic civic civic civic civic civic civic civic civic civic civic civic civic civic civic civic civic"
  },
  "0c3481991be4_03.jpg": {
    "source_subject": "honda jazz 1 5p",
    "target_subject": "\"honda jazz 1 5p\" Focus on: modern style, premium quality, visual appeal. Keep it concise.",
    "original_caption": "honda jazz 1 5p"
  },
  "0c4659adc7e4_03.jpg": {
    "source_subject": "Used toyota camar for sale in houston tx",
    "target_subject": "\"Used toyota camar for sale in houston tx\"",
    "original_caption": "used toyota camar for sale in houston tx"
  },
  "0c56c040a690_03.jpg": {
    "source_subject": "a white car is parked in a garage",
    "target_subject": "\"a white car is parked in a garage\"",
    "original_caption": "a white car is parked in a garage"
  },
  "0c73bef70ead_03.jpg": {
    "source_subject": "\"audi audi audi cars for sale in canada\"",
    "target_subject": "\"audi audi cars for sale in canada\"",
    "original_caption": "audi audi audi audi cars for sale in canada"
  },
  "0c74f69414ef_03.jpg": {
    "source_subject": "a black jeep",
    "target_subject": "a black jeep",
    "original_caption": "a black jeep"
  },
  "0c833722fc9d_03.jpg": {
    "source_subject": "A black mercedes c350",
    "target_subject": "A black mercedes c350",
    "original_caption": "a black mercedes c350"
  },
  "0c8f105618d4_03.jpg": {
    "source_subject": "a white nissan car is parked in a garage",
    "target_subject": "\"a white nissan car is parked in a garage\"",
    "original_caption": "a white nissan car is parked in a garage"
  },
  "0c9265af0ddf_03.jpg": {
    "source_subject": "a gray suv",
    "target_subject": "\"a gray suv\"",
    "original_caption": "a gray suv"
  },
  "0c992d7d6742_03.jpg": {
    "source_subject": "used 2012 lexus for sale in the united",
    "target_subject": "\"used 2012 lexus for sale in the united\"",
    "original_caption": "used 2012 lexus for sale in the united"
  },
  "0c9a9ab8fbd2_03.jpg": {
    "source_subject": "a black volkswagen car is parked in a garage",
    "target_subject": "\"a black volkswagen car is parked in a garage\"",
    "original_caption": "a black volkswagen car is parked in a garage"
  },
  "0ca342108368_03.jpg": {
    "source_subject": "Mercedes gla gla gla gla gla gla gla gla gla gla gla gla gla gla gla gla gla gla gla gla gla gla gla gla",
    "target_subject": "Mercedes gla gla gla gla gla gla gla gla gla gla gla gla gla gla gla gla gla gla gla gla gla gla gla gla",
    "original_caption": "mercedes gla gla gla gla gla gla gla gla gla gla gla gla gla gla gla gla gla gla gla gla gla gla gla gla"
  },
  "0cce02afe3a5_03.jpg": {
    "source_subject": "mazda mazda carvana",
    "target_subject": "\"mazda mazda carvana\"",
    "original_caption": "mazda mazda carvana"
  },
  "0cd58c993763_03.jpg": {
    "source_subject": "a white car parked in a garage",
    "target_subject": "\"a white car parked in a garage\"",
    "original_caption": "a white car parked in a garage"
  },
  "0cd9dc1a1681_03.jpg": {
    "source_subject": "a blue car",
    "target_subject": "\"a blue car\"",
    "original_caption": "a blue car"
  },
  "0cdfe597590f_03.jpg": {
    "source_subject": "a black mazda car",
    "target_subject": "\"a black mazda car\"",
    "original_caption": "a black mazda car"
  },
  "0ce36c1e1d16_03.jpg": {
    "source_subject": "a silver truck",
    "target_subject": "\"a silver truck\"",
    "original_caption": "a silver truck"
  },
  "0cf8dfddfe3c_03.jpg": {
    "source_subject": "honda accord coupe",
    "target_subject": "Focus on: modern style, premium quality, visual appeal",
    "original_caption": "honda accord coupe"
  },
  "0d04a7b8c4bf_03.jpg": {
    "source_subject": "a red car",
    "target_subject": "\"a red car\"",
    "original_caption": "a red car"
  },
  "0d0be8f77fa8_03.jpg": {
    "source_subject": "a red car parked in a garage",
    "target_subject": "\"a red car parked in a garage\"",
    "original_caption": "a red car parked in a garage"
  },
  "0d24b7bea210_03.jpg": {
    "source_subject": "a blue dodge challenger car on a white surface",
    "target_subject": "\"a blue dodge challenger car on a white surface\"",
    "original_caption": "a blue dodge challenger car on a white surface"
  },
  "0d4b67f458bb_03.jpg": {
    "source_subject": "The red car is parked in a white room.",
    "target_subject": "\"The red car is parked in a white room.\"",
    "original_caption": "the red car is parked in a white room"
  },
  "0d549ae73675_03.jpg": {
    "source_subject": "Used 2013 hyundai santa fe for sale in the bronx",
    "target_subject": "\"Used 2013 hyundai santa fe for sale in the bronx\"",
    "original_caption": "used 2013 hyundai santa fe for sale in the bronx"
  },
  "0d851b7c73f4_03.jpg": {
    "source_subject": "A white chevrolet suv parked in a garage.",
    "target_subject": "\"A white chevrolet suv parked in a garage.\"",
    "original_caption": "a white chevrolet suv parked in a garage"
  },
  "0d97ffd34927_03.jpg": {
    "source_subject": "a red car parked in front of a sign",
    "target_subject": "\"a red car parked in front of a sign\"",
    "original_caption": "a red car parked in front of a sign"
  },
  "0d9d1a5c7e0c_03.jpg": {
    "source_subject": "A black honda car.",
    "target_subject": "\"A black honda car.\"",
    "original_caption": "a black honda car"
  },
  "0d9ed6bc4c7b_03.jpg": {
    "source_subject": "a silver toyota prio",
    "target_subject": "\"a silver toyota prio\"",
    "original_caption": "a silver toyota prio"
  }
}